customer_id,billing_type,address1,address2,city,state,country
435,billing,101 Maple St,789 Pine St,Houston,,Canada
435,shipping,101 Maple St,,Los Angeles,CA,Germany
804,billing,456 Oak St,789 Pine St,New York,TX,USA
804,shipping,789 Pine St,123 Elm St,Houston,TX,
795,billing,789 Pine St,202 Birch St,Phoenix,NY,USA
795,shipping,789 Pine St,,Los Angeles,,USA
442,billing,,101 Maple St,,CA,Germany
442,shipping,,789 Pine St,,,
283,billing,202 Birch St,,Houston,IL,
283,shipping,,,Phoenix,,Canada
213,billing,101 Maple St,202 Birch St,Phoenix,TX,Germany
213,shipping,101 Maple St,,,,Canada
,billing,456 Oak St,202 Birch St,,NY,USA
,shipping,123 Elm St,202 Birch St,,AZ,
,billing,,123 Elm St,Los Angeles,CA,Canada
,shipping,456 Oak St,456 Oak St,,TX,Germany
,billing,101 Maple St,,Chicago,,
,shipping,202 Birch St,101 Maple St,,,
447,billing,,101 Maple St,Los Angeles,TX,Canada
447,shipping,101 Maple St,789 Pine St,,CA,UK
431,billing,,101 Maple St,Los Angeles,IL,Germany
431,shipping,,123 Elm St,,,
527,billing,789 Pine St,456 Oak St,,CA,Australia
527,shipping,123 Elm St,101 Maple St,Phoenix,,Germany
297,billing,123 Elm St,123 Elm St,Phoenix,CA,USA
297,shipping,789 Pine St,123 Elm St,Houston,,
541,billing,789 Pine St,123 Elm St,Chicago,NY,
541,shipping,123 Elm St,789 Pine St,Houston,TX,USA
215,billing,,,Phoenix,NY,Australia
215,shipping,101 Maple St,,,,
,billing,,123 Elm St,New York,AZ,
,shipping,,,Los Angeles,TX,
903,billing,202 Birch St,202 Birch St,Phoenix,CA,UK
903,shipping,123 Elm St,789 Pine St,,,Australia
,billing,123 Elm St,101 Maple St,Phoenix,TX,UK
,shipping,,,Phoenix,NY,Australia
421,billing,789 Pine St,,Chicago,IL,Canada
421,shipping,789 Pine St,,,NY,Australia
406,billing,101 Maple St,202 Birch St,Houston,AZ,Germany
406,shipping,202 Birch St,,Los Angeles,NY,USA
502,billing,456 Oak St,456 Oak St,Phoenix,IL,USA
502,shipping,456 Oak St,456 Oak St,New York,AZ,USA
790,billing,101 Maple St,123 Elm St,Chicago,NY,Australia
790,shipping,123 Elm St,101 Maple St,Los Angeles,TX,UK
286,billing,456 Oak St,101 Maple St,Los Angeles,TX,USA
286,shipping,456 Oak St,101 Maple St,Phoenix,NY,UK
103,billing,202 Birch St,456 Oak St,New York,NY,Canada
103,shipping,789 Pine St,123 Elm St,Los Angeles,AZ,UK
571,billing,789 Pine St,123 Elm St,Los Angeles,NY,Canada
571,shipping,456 Oak St,123 Elm St,Los Angeles,IL,Germany
118,billing,123 Elm St,101 Maple St,Houston,IL,Germany
118,shipping,123 Elm St,789 Pine St,Los Angeles,TX,USA
587,billing,123 Elm St,123 Elm St,Chicago,IL,Canada
587,shipping,202 Birch St,789 Pine St,Los Angeles,AZ,USA
155,billing,789 Pine St,202 Birch St,New York,NY,USA
155,shipping,123 Elm St,202 Birch St,New York,IL,Canada
715,billing,101 Maple St,101 Maple St,Phoenix,TX,Canada
715,shipping,789 Pine St,202 Birch St,New York,AZ,Germany
508,billing,456 Oak St,789 Pine St,Houston,NY,USA
508,shipping,789 Pine St,123 Elm St,Houston,AZ,UK
505,billing,101 Maple St,101 Maple St,Los Angeles,TX,USA
505,shipping,789 Pine St,456 Oak St,New York,IL,Germany
818,billing,123 Elm St,123 Elm St,Houston,TX,Canada
818,shipping,101 Maple St,789 Pine St,New York,CA,UK
538,billing,456 Oak St,101 Maple St,Houston,CA,Canada
538,shipping,202 Birch St,123 Elm St,Chicago,IL,UK
743,billing,456 Oak St,202 Birch St,Chicago,AZ,Australia
743,shipping,202 Birch St,101 Maple St,Phoenix,AZ,USA
880,billing,123 Elm St,202 Birch St,Phoenix,CA,Germany
880,shipping,789 Pine St,456 Oak St,Los Angeles,NY,Germany
950,billing,789 Pine St,202 Birch St,New York,CA,Australia
950,shipping,456 Oak St,101 Maple St,Houston,IL,Germany
336,billing,123 Elm St,101 Maple St,New York,CA,USA
336,shipping,202 Birch St,202 Birch St,New York,NY,Germany
852,billing,202 Birch St,456 Oak St,New York,TX,USA
852,shipping,101 Maple St,101 Maple St,New York,NY,USA
668,billing,789 Pine St,101 Maple St,New York,CA,Canada
668,shipping,789 Pine St,123 Elm St,Houston,IL,USA
926,billing,123 Elm St,789 Pine St,Los Angeles,NY,Germany
926,shipping,202 Birch St,789 Pine St,New York,IL,Germany
139,billing,789 Pine St,202 Birch St,Phoenix,TX,UK
139,shipping,456 Oak St,202 Birch St,New York,CA,Germany
584,billing,202 Birch St,202 Birch St,Los Angeles,AZ,Canada
584,shipping,789 Pine St,123 Elm St,Phoenix,NY,Germany
949,billing,789 Pine St,202 Birch St,Chicago,AZ,Canada
949,shipping,456 Oak St,123 Elm St,Phoenix,IL,UK
147,billing,789 Pine St,789 Pine St,Phoenix,TX,Germany
147,shipping,101 Maple St,456 Oak St,Phoenix,CA,UK
643,billing,456 Oak St,202 Birch St,New York,TX,Australia
643,shipping,123 Elm St,123 Elm St,New York,TX,Australia
110,billing,123 Elm St,101 Maple St,Los Angeles,TX,UK
110,shipping,202 Birch St,789 Pine St,Phoenix,TX,USA
243,billing,789 Pine St,789 Pine St,Houston,AZ,USA
243,shipping,123 Elm St,123 Elm St,Phoenix,IL,UK
404,billing,123 Elm St,123 Elm St,Chicago,TX,Canada
404,shipping,789 Pine St,123 Elm St,Houston,NY,UK
273,billing,202 Birch St,101 Maple St,Los Angeles,TX,Germany
273,shipping,789 Pine St,123 Elm St,New York,AZ,Germany
966,billing,101 Maple St,789 Pine St,Phoenix,CA,Germany
966,shipping,123 Elm St,101 Maple St,Chicago,AZ,Germany
,billing,101 Maple St,,,AZ,USA
,shipping,456 Oak St,789 Pine St,New York,NY,UK
535,billing,,123 Elm St,Houston,,Germany
535,shipping,,789 Pine St,New York,AZ,UK
,billing,202 Birch St,202 Birch St,Chicago,AZ,Australia
,shipping,789 Pine St,123 Elm St,New York,,Canada
931,billing,456 Oak St,123 Elm St,,AZ,
931,shipping,,123 Elm St,New York,IL,
,billing,,101 Maple St,New York,,
,shipping,202 Birch St,101 Maple St,Los Angeles,TX,
,billing,101 Maple St,,Phoenix,,
,shipping,456 Oak St,,Houston,CA,Canada
507,billing,789 Pine St,101 Maple St,Los Angeles,NY,Canada
507,shipping,202 Birch St,101 Maple St,Houston,IL,
732,billing,101 Maple St,456 Oak St,Phoenix,IL,Canada
732,shipping,123 Elm St,,Los Angeles,IL,USA
,billing,789 Pine St,,,NY,
,shipping,101 Maple St,202 Birch St,Chicago,,
353,billing,123 Elm St,101 Maple St,,NY,UK
353,shipping,456 Oak St,202 Birch St,Los Angeles,AZ,
354,billing,,101 Maple St,Houston,,Canada
354,shipping,101 Maple St,,Phoenix,IL,UK
584,billing,,202 Birch St,Houston,,Australia
584,shipping,123 Elm St,789 Pine St,Los Angeles,IL,Canada
834,billing,123 Elm St,101 Maple St,Los Angeles,AZ,UK
834,shipping,123 Elm St,123 Elm St,Houston,TX,
991,billing,202 Birch St,789 Pine St,,CA,USA
991,shipping,,456 Oak St,Chicago,NY,Australia
187,billing,,123 Elm St,New York,IL,Canada
187,shipping,,789 Pine St,Houston,,Australia
892,billing,,,,CA,
892,shipping,789 Pine St,456 Oak St,New York,NY,
891,billing,789 Pine St,101 Maple St,Houston,AZ,
891,shipping,789 Pine St,456 Oak St,,CA,
196,billing,,101 Maple St,,TX,UK
196,shipping,123 Elm St,789 Pine St,,IL,
186,billing,,123 Elm St,,,Australia
186,shipping,789 Pine St,,Los Angeles,NY,
410,billing,,,Phoenix,,USA
410,shipping,456 Oak St,,,IL,
338,billing,456 Oak St,101 Maple St,Los Angeles,IL,UK
338,shipping,789 Pine St,101 Maple St,Chicago,CA,Canada
480,billing,202 Birch St,789 Pine St,Chicago,TX,UK
480,shipping,123 Elm St,202 Birch St,New York,NY,Germany
575,billing,123 Elm St,789 Pine St,Chicago,TX,USA
575,shipping,123 Elm St,789 Pine St,Houston,NY,Germany
235,billing,456 Oak St,202 Birch St,Phoenix,NY,USA
235,shipping,456 Oak St,202 Birch St,Houston,IL,USA
922,billing,456 Oak St,101 Maple St,Phoenix,AZ,Germany
922,shipping,789 Pine St,202 Birch St,New York,TX,Germany
559,billing,202 Birch St,456 Oak St,Phoenix,IL,Germany
559,shipping,789 Pine St,202 Birch St,Los Angeles,NY,Australia
495,billing,101 Maple St,202 Birch St,New York,IL,Australia
495,shipping,789 Pine St,101 Maple St,Phoenix,IL,Germany
931,billing,789 Pine St,456 Oak St,Chicago,TX,Germany
931,shipping,101 Maple St,456 Oak St,New York,IL,Australia
912,billing,202 Birch St,789 Pine St,Houston,CA,Australia
912,shipping,456 Oak St,202 Birch St,Chicago,AZ,UK
127,billing,456 Oak St,789 Pine St,Chicago,CA,UK
127,shipping,123 Elm St,202 Birch St,Chicago,AZ,Germany
214,billing,202 Birch St,123 Elm St,Phoenix,NY,UK
214,shipping,789 Pine St,123 Elm St,Chicago,NY,Australia
482,billing,456 Oak St,789 Pine St,Houston,NY,UK
482,shipping,789 Pine St,202 Birch St,Chicago,TX,UK
270,billing,202 Birch St,123 Elm St,Chicago,NY,Canada
270,shipping,202 Birch St,789 Pine St,Houston,TX,Germany
769,billing,456 Oak St,202 Birch St,Houston,IL,Germany
769,shipping,101 Maple St,202 Birch St,Los Angeles,CA,UK
297,billing,202 Birch St,789 Pine St,Houston,AZ,Australia
297,shipping,123 Elm St,456 Oak St,New York,TX,UK
453,billing,456 Oak St,202 Birch St,Chicago,NY,Germany
453,shipping,456 Oak St,202 Birch St,Houston,AZ,Australia
751,billing,789 Pine St,202 Birch St,Houston,CA,Canada
751,shipping,456 Oak St,101 Maple St,Houston,CA,USA
301,billing,123 Elm St,789 Pine St,New York,TX,USA
301,shipping,789 Pine St,101 Maple St,Los Angeles,CA,USA
438,billing,101 Maple St,202 Birch St,Phoenix,CA,Australia
438,shipping,202 Birch St,123 Elm St,Houston,TX,Canada
215,billing,101 Maple St,123 Elm St,Houston,TX,USA
215,shipping,456 Oak St,101 Maple St,Houston,AZ,Germany
833,billing,456 Oak St,101 Maple St,Chicago,TX,UK
833,shipping,456 Oak St,123 Elm St,Chicago,NY,Canada
227,billing,101 Maple St,789 Pine St,Los Angeles,CA,Canada
227,shipping,202 Birch St,456 Oak St,Phoenix,CA,UK
223,billing,123 Elm St,789 Pine St,Houston,CA,Canada
223,shipping,123 Elm St,456 Oak St,Houston,AZ,Australia
325,billing,789 Pine St,456 Oak St,Houston,IL,Germany
325,shipping,789 Pine St,456 Oak St,Los Angeles,AZ,USA
651,billing,202 Birch St,789 Pine St,Los Angeles,IL,Germany
651,shipping,101 Maple St,202 Birch St,Houston,IL,Canada
361,billing,789 Pine St,101 Maple St,Los Angeles,AZ,Germany
361,shipping,789 Pine St,456 Oak St,New York,NY,Australia
208,billing,456 Oak St,202 Birch St,Houston,NY,Germany
208,shipping,456 Oak St,202 Birch St,New York,CA,Canada
480,billing,123 Elm St,123 Elm St,Chicago,TX,Canada
480,shipping,123 Elm St,202 Birch St,Houston,NY,USA
431,billing,456 Oak St,456 Oak St,Houston,NY,Canada
431,shipping,456 Oak St,101 Maple St,Chicago,NY,Australia
896,billing,789 Pine St,789 Pine St,Los Angeles,IL,Canada
896,shipping,456 Oak St,789 Pine St,Chicago,TX,Canada
,billing,123 Elm St,,Phoenix,TX,
,shipping,202 Birch St,456 Oak St,,,
628,billing,101 Maple St,,,,UK
628,shipping,,789 Pine St,Houston,CA,UK
,billing,456 Oak St,456 Oak St,Chicago,,Canada
,shipping,202 Birch St,123 Elm St,Phoenix,,
,billing,,,Los Angeles,CA,Australia
,shipping,,789 Pine St,Phoenix,IL,Australia
656,billing,,123 Elm St,Los Angeles,NY,
656,shipping,101 Maple St,,Los Angeles,,
505,billing,456 Oak St,456 Oak St,Houston,CA,Germany
505,shipping,123 Elm St,123 Elm St,,NY,USA
336,billing,101 Maple St,,,NY,Germany
336,shipping,456 Oak St,456 Oak St,Los Angeles,,
899,billing,202 Birch St,,Chicago,NY,USA
899,shipping,101 Maple St,456 Oak St,Chicago,NY,UK
379,billing,123 Elm St,101 Maple St,,IL,Australia
379,shipping,789 Pine St,789 Pine St,Los Angeles,TX,UK
315,billing,456 Oak St,202 Birch St,Chicago,IL,USA
315,shipping,202 Birch St,202 Birch St,,TX,Germany
108,billing,202 Birch St,123 Elm St,New York,TX,Canada
108,shipping,123 Elm St,789 Pine St,Houston,NY,USA
596,billing,,202 Birch St,Chicago,IL,UK
596,shipping,,,New York,CA,Germany
140,billing,202 Birch St,202 Birch St,Phoenix,NY,USA
140,shipping,,202 Birch St,Houston,IL,UK
243,billing,,456 Oak St,Houston,CA,Canada
243,shipping,456 Oak St,101 Maple St,Los Angeles,AZ,USA
306,billing,202 Birch St,202 Birch St,,CA,Canada
306,shipping,456 Oak St,,New York,,USA
473,billing,,,,TX,Canada
473,shipping,,101 Maple St,,IL,USA
,billing,,202 Birch St,Chicago,,Australia
,shipping,,,Houston,NY,Australia
,billing,,123 Elm St,,AZ,Australia
,shipping,101 Maple St,,,TX,
267,billing,456 Oak St,789 Pine St,Phoenix,TX,Germany
267,shipping,456 Oak St,789 Pine St,Phoenix,CA,
257,billing,202 Birch St,789 Pine St,,AZ,Canada
257,shipping,456 Oak St,456 Oak St,,AZ,USA
636,billing,123 Elm St,789 Pine St,Los Angeles,AZ,USA
636,shipping,123 Elm St,789 Pine St,Phoenix,NY,Germany
138,billing,101 Maple St,123 Elm St,Houston,TX,USA
138,shipping,202 Birch St,101 Maple St,Phoenix,NY,UK
510,billing,456 Oak St,202 Birch St,Phoenix,AZ,UK
510,shipping,456 Oak St,101 Maple St,Los Angeles,AZ,Canada
397,billing,123 Elm St,456 Oak St,Los Angeles,NY,UK
397,shipping,456 Oak St,123 Elm St,Phoenix,TX,USA
602,billing,789 Pine St,123 Elm St,Phoenix,NY,Australia
602,shipping,101 Maple St,123 Elm St,Chicago,TX,UK
659,billing,123 Elm St,202 Birch St,Houston,NY,Australia
659,shipping,789 Pine St,101 Maple St,Los Angeles,CA,USA
926,billing,101 Maple St,123 Elm St,Houston,CA,UK
926,shipping,456 Oak St,456 Oak St,Los Angeles,NY,USA
516,billing,123 Elm St,789 Pine St,Houston,TX,UK
516,shipping,123 Elm St,123 Elm St,Houston,IL,Germany
579,billing,123 Elm St,101 Maple St,Phoenix,TX,Germany
579,shipping,456 Oak St,789 Pine St,New York,TX,Australia
826,billing,123 Elm St,202 Birch St,New York,AZ,USA
826,shipping,789 Pine St,789 Pine St,Chicago,CA,UK
754,billing,101 Maple St,202 Birch St,Phoenix,IL,UK
754,shipping,123 Elm St,456 Oak St,New York,TX,Canada
479,billing,789 Pine St,101 Maple St,Phoenix,AZ,Canada
479,shipping,123 Elm St,202 Birch St,Phoenix,IL,Australia
990,billing,123 Elm St,123 Elm St,Los Angeles,TX,Australia
990,shipping,789 Pine St,101 Maple St,Los Angeles,CA,USA
253,billing,101 Maple St,789 Pine St,Chicago,IL,USA
253,shipping,456 Oak St,123 Elm St,Houston,TX,Canada
467,billing,101 Maple St,101 Maple St,Phoenix,TX,USA
467,shipping,101 Maple St,101 Maple St,Chicago,AZ,Canada
488,billing,789 Pine St,789 Pine St,Chicago,IL,Germany
488,shipping,456 Oak St,456 Oak St,Los Angeles,TX,Germany
204,billing,202 Birch St,456 Oak St,New York,IL,Canada
204,shipping,202 Birch St,202 Birch St,Houston,IL,USA
928,billing,789 Pine St,101 Maple St,Phoenix,AZ,Germany
928,shipping,123 Elm St,101 Maple St,New York,IL,USA
946,billing,456 Oak St,101 Maple St,New York,NY,UK
946,shipping,789 Pine St,202 Birch St,Houston,CA,Australia
405,billing,456 Oak St,101 Maple St,New York,IL,Germany
405,shipping,456 Oak St,789 Pine St,Houston,NY,USA
812,billing,202 Birch St,101 Maple St,Los Angeles,NY,USA
812,shipping,202 Birch St,456 Oak St,Los Angeles,AZ,Canada
797,billing,123 Elm St,123 Elm St,Phoenix,AZ,Germany
797,shipping,101 Maple St,202 Birch St,New York,NY,Germany
438,billing,789 Pine St,456 Oak St,Houston,TX,Canada
438,shipping,202 Birch St,202 Birch St,Phoenix,TX,USA
996,billing,789 Pine St,456 Oak St,Phoenix,IL,USA
996,shipping,789 Pine St,456 Oak St,Chicago,AZ,Germany
677,billing,789 Pine St,789 Pine St,Phoenix,AZ,UK
677,shipping,123 Elm St,456 Oak St,New York,NY,UK
360,billing,101 Maple St,101 Maple St,Houston,TX,USA
360,shipping,789 Pine St,789 Pine St,Houston,IL,USA
247,billing,101 Maple St,123 Elm St,Chicago,CA,Australia
247,shipping,123 Elm St,456 Oak St,Chicago,TX,Germany
840,billing,789 Pine St,789 Pine St,Houston,IL,USA
840,shipping,101 Maple St,456 Oak St,Phoenix,NY,UK
447,billing,123 Elm St,101 Maple St,Houston,NY,Australia
447,shipping,789 Pine St,456 Oak St,Chicago,TX,Canada
681,billing,101 Maple St,123 Elm St,Chicago,IL,Germany
681,shipping,789 Pine St,202 Birch St,New York,CA,USA
336,billing,,,,IL,UK
336,shipping,,202 Birch St,Houston,CA,UK
119,billing,,,,NY,
119,shipping,456 Oak St,789 Pine St,Phoenix,,
443,billing,101 Maple St,,Houston,NY,UK
443,shipping,202 Birch St,202 Birch St,New York,TX,
436,billing,456 Oak St,202 Birch St,Phoenix,NY,Australia
436,shipping,456 Oak St,202 Birch St,Los Angeles,AZ,USA
929,billing,123 Elm St,,,IL,
929,shipping,101 Maple St,123 Elm St,,,Canada
230,billing,202 Birch St,789 Pine St,New York,,
230,shipping,202 Birch St,101 Maple St,Houston,IL,USA
666,billing,202 Birch St,,,AZ,Australia
666,shipping,202 Birch St,,,IL,Canada
744,billing,789 Pine St,,Los Angeles,CA,Canada
744,shipping,202 Birch St,123 Elm St,Los Angeles,,USA
205,billing,,,Los Angeles,,
205,shipping,123 Elm St,101 Maple St,,IL,Germany
,billing,202 Birch St,,New York,AZ,
,shipping,202 Birch St,,New York,NY,
744,billing,,,,NY,Germany
744,shipping,,,Houston,NY,Germany
,billing,,123 Elm St,,TX,
,shipping,202 Birch St,,Phoenix,IL,
,billing,202 Birch St,,Houston,CA,
,shipping,,789 Pine St,,NY,
,billing,,202 Birch St,,NY,
,shipping,,123 Elm St,Houston,,USA
353,billing,456 Oak St,101 Maple St,,,
353,shipping,202 Birch St,,,AZ,
962,billing,456 Oak St,789 Pine St,Phoenix,AZ,Canada
962,shipping,789 Pine St,789 Pine St,Phoenix,IL,Canada
402,billing,123 Elm St,202 Birch St,,TX,USA
402,shipping,202 Birch St,456 Oak St,,TX,
240,billing,,789 Pine St,,IL,Australia
240,shipping,456 Oak St,202 Birch St,,IL,Germany
,billing,,,Houston,CA,Germany
,shipping,,123 Elm St,Phoenix,,
983,billing,202 Birch St,,Houston,,UK
983,shipping,123 Elm St,123 Elm St,,TX,UK
162,billing,456 Oak St,456 Oak St,Phoenix,IL,Australia
162,shipping,456 Oak St,123 Elm St,Chicago,CA,Australia
607,billing,101 Maple St,123 Elm St,Los Angeles,NY,Australia
607,shipping,456 Oak St,789 Pine St,New York,CA,UK
551,billing,202 Birch St,202 Birch St,Houston,TX,Canada
551,shipping,123 Elm St,202 Birch St,New York,IL,Germany
593,billing,456 Oak St,202 Birch St,Houston,AZ,Germany
593,shipping,202 Birch St,202 Birch St,Chicago,AZ,USA
848,billing,101 Maple St,456 Oak St,Houston,IL,Germany
848,shipping,789 Pine St,123 Elm St,New York,NY,Canada
644,billing,789 Pine St,202 Birch St,Phoenix,NY,Canada
644,shipping,123 Elm St,123 Elm St,Houston,NY,USA
524,billing,789 Pine St,202 Birch St,Houston,NY,USA
524,shipping,456 Oak St,789 Pine St,New York,CA,Germany
912,billing,202 Birch St,789 Pine St,Phoenix,AZ,USA
912,shipping,456 Oak St,789 Pine St,Phoenix,AZ,UK
715,billing,123 Elm St,456 Oak St,Phoenix,AZ,Germany
715,shipping,101 Maple St,101 Maple St,New York,CA,Germany
598,billing,101 Maple St,202 Birch St,Los Angeles,TX,Australia
598,shipping,789 Pine St,123 Elm St,Houston,NY,Australia
314,billing,789 Pine St,456 Oak St,Phoenix,IL,Canada
314,shipping,202 Birch St,789 Pine St,Houston,CA,Germany
171,billing,202 Birch St,202 Birch St,Phoenix,AZ,Canada
171,shipping,101 Maple St,101 Maple St,Houston,IL,Germany
155,billing,123 Elm St,456 Oak St,Houston,AZ,Australia
155,shipping,789 Pine St,202 Birch St,Phoenix,CA,Australia
373,billing,789 Pine St,123 Elm St,Chicago,TX,Germany
373,shipping,123 Elm St,456 Oak St,Phoenix,CA,Canada
735,billing,123 Elm St,456 Oak St,New York,NY,Australia
735,shipping,789 Pine St,456 Oak St,New York,TX,Germany
254,billing,456 Oak St,456 Oak St,Chicago,TX,Canada
254,shipping,789 Pine St,101 Maple St,Chicago,NY,Australia
825,billing,123 Elm St,101 Maple St,Phoenix,NY,UK
825,shipping,789 Pine St,101 Maple St,Chicago,IL,UK
971,billing,123 Elm St,123 Elm St,New York,AZ,Germany
971,shipping,101 Maple St,202 Birch St,Los Angeles,IL,Australia
593,billing,202 Birch St,101 Maple St,Chicago,TX,Canada
593,shipping,123 Elm St,202 Birch St,New York,CA,Canada
750,billing,101 Maple St,101 Maple St,New York,NY,Australia
750,shipping,101 Maple St,202 Birch St,Los Angeles,TX,Germany
188,billing,789 Pine St,456 Oak St,Chicago,TX,Australia
188,shipping,123 Elm St,123 Elm St,New York,IL,USA
169,billing,202 Birch St,202 Birch St,Houston,TX,Germany
169,shipping,789 Pine St,101 Maple St,Phoenix,TX,USA
476,billing,123 Elm St,456 Oak St,Los Angeles,TX,Germany
476,shipping,202 Birch St,789 Pine St,Chicago,CA,UK
619,billing,789 Pine St,789 Pine St,Phoenix,TX,UK
619,shipping,456 Oak St,202 Birch St,New York,IL,Germany
385,billing,456 Oak St,123 Elm St,Phoenix,NY,Australia
385,shipping,202 Birch St,789 Pine St,Houston,IL,Germany
561,billing,123 Elm St,101 Maple St,New York,IL,Germany
561,shipping,101 Maple St,456 Oak St,Houston,IL,Germany
290,billing,101 Maple St,456 Oak St,Houston,NY,Germany
290,shipping,202 Birch St,202 Birch St,Chicago,AZ,USA
573,billing,789 Pine St,456 Oak St,Chicago,IL,USA
573,shipping,789 Pine St,123 Elm St,Houston,NY,Germany
727,billing,456 Oak St,789 Pine St,New York,NY,Canada
727,shipping,789 Pine St,789 Pine St,New York,IL,Canada
671,billing,101 Maple St,101 Maple St,Chicago,NY,UK
671,shipping,456 Oak St,456 Oak St,Phoenix,IL,Germany
524,billing,123 Elm St,123 Elm St,Chicago,,
524,shipping,202 Birch St,,New York,IL,UK
940,billing,,,Chicago,IL,Canada
940,shipping,101 Maple St,202 Birch St,Houston,,
817,billing,202 Birch St,123 Elm St,Houston,NY,
817,shipping,,789 Pine St,New York,CA,
,billing,,123 Elm St,New York,,
,shipping,789 Pine St,,Los Angeles,CA,Canada
199,billing,456 Oak St,789 Pine St,Houston,,Canada
199,shipping,,202 Birch St,New York,,Canada
677,billing,123 Elm St,456 Oak St,New York,TX,UK
677,shipping,202 Birch St,202 Birch St,,,UK
103,billing,789 Pine St,202 Birch St,Chicago,IL,Canada
103,shipping,456 Oak St,202 Birch St,,AZ,USA
,billing,,202 Birch St,,AZ,Germany
,shipping,456 Oak St,789 Pine St,Phoenix,IL,
534,billing,202 Birch St,202 Birch St,Los Angeles,CA,
534,shipping,789 Pine St,101 Maple St,,AZ,UK
,billing,202 Birch St,456 Oak St,Los Angeles,IL,USA
,shipping,101 Maple St,123 Elm St,Chicago,,Australia
173,billing,,,,,UK
173,shipping,101 Maple St,123 Elm St,,IL,USA
454,billing,789 Pine St,456 Oak St,,CA,Germany
454,shipping,,123 Elm St,Chicago,,Canada
839,billing,123 Elm St,789 Pine St,,,
839,shipping,456 Oak St,,Houston,CA,USA
,billing,202 Birch St,,Los Angeles,,Australia
,shipping,,,Chicago,,UK
241,billing,123 Elm St,,,CA,USA
241,shipping,456 Oak St,202 Birch St,Chicago,IL,Canada
554,billing,,,New York,,USA
554,shipping,202 Birch St,789 Pine St,Los Angeles,,
,billing,202 Birch St,456 Oak St,Los Angeles,CA,
,shipping,,123 Elm St,Los Angeles,IL,USA
530,billing,101 Maple St,,,NY,Canada
530,shipping,,,,AZ,
247,billing,789 Pine St,456 Oak St,Chicago,IL,Australia
247,shipping,101 Maple St,101 Maple St,New York,TX,
779,billing,202 Birch St,123 Elm St,Los Angeles,,Australia
779,shipping,202 Birch St,202 Birch St,,IL,Germany
318,billing,789 Pine St,456 Oak St,Phoenix,NY,UK
318,shipping,789 Pine St,789 Pine St,New York,AZ,USA
329,billing,101 Maple St,202 Birch St,Houston,AZ,USA
329,shipping,202 Birch St,123 Elm St,Houston,TX,Canada
277,billing,123 Elm St,202 Birch St,Phoenix,TX,Canada
277,shipping,123 Elm St,456 Oak St,Houston,TX,Canada
166,billing,202 Birch St,123 Elm St,Chicago,CA,Germany
166,shipping,456 Oak St,456 Oak St,Los Angeles,TX,Germany
469,billing,202 Birch St,101 Maple St,Los Angeles,TX,UK
469,shipping,202 Birch St,789 Pine St,Houston,IL,Germany
693,billing,202 Birch St,456 Oak St,New York,NY,UK
693,shipping,123 Elm St,456 Oak St,Los Angeles,CA,USA
522,billing,101 Maple St,202 Birch St,New York,AZ,USA
522,shipping,101 Maple St,456 Oak St,Houston,AZ,UK
469,billing,101 Maple St,101 Maple St,New York,CA,Australia
469,shipping,456 Oak St,456 Oak St,Los Angeles,IL,Germany
862,billing,123 Elm St,202 Birch St,Chicago,NY,Canada
862,shipping,456 Oak St,123 Elm St,Chicago,AZ,Australia
423,billing,202 Birch St,101 Maple St,Houston,NY,Germany
423,shipping,202 Birch St,101 Maple St,New York,NY,USA
470,billing,123 Elm St,101 Maple St,Phoenix,IL,Canada
470,shipping,101 Maple St,101 Maple St,Los Angeles,AZ,USA
353,billing,456 Oak St,123 Elm St,Los Angeles,NY,USA
353,shipping,456 Oak St,202 Birch St,Phoenix,NY,Canada
784,billing,789 Pine St,456 Oak St,Phoenix,NY,UK
784,shipping,789 Pine St,456 Oak St,Phoenix,NY,Germany
922,billing,123 Elm St,202 Birch St,Phoenix,IL,Canada
922,shipping,101 Maple St,202 Birch St,New York,CA,USA
134,billing,202 Birch St,202 Birch St,New York,NY,Germany
134,shipping,789 Pine St,202 Birch St,Los Angeles,TX,Canada
172,billing,202 Birch St,202 Birch St,Los Angeles,TX,Germany
172,shipping,123 Elm St,123 Elm St,Los Angeles,CA,Germany
244,billing,202 Birch St,202 Birch St,New York,NY,Australia
244,shipping,789 Pine St,202 Birch St,Chicago,IL,USA
952,billing,456 Oak St,123 Elm St,Chicago,TX,Germany
952,shipping,101 Maple St,456 Oak St,Chicago,AZ,Germany
507,billing,456 Oak St,789 Pine St,Chicago,AZ,Germany
507,shipping,456 Oak St,101 Maple St,Houston,IL,Canada
472,billing,101 Maple St,101 Maple St,Houston,IL,Australia
472,shipping,101 Maple St,456 Oak St,Chicago,CA,USA
808,billing,202 Birch St,123 Elm St,Phoenix,NY,UK
808,shipping,456 Oak St,202 Birch St,New York,CA,USA
946,billing,123 Elm St,123 Elm St,New York,AZ,Germany
946,shipping,789 Pine St,789 Pine St,Houston,AZ,UK
944,billing,456 Oak St,123 Elm St,Houston,NY,USA
944,shipping,789 Pine St,789 Pine St,Los Angeles,IL,UK
403,billing,202 Birch St,123 Elm St,Chicago,AZ,Canada
403,shipping,789 Pine St,202 Birch St,Chicago,NY,Germany
654,billing,123 Elm St,202 Birch St,New York,AZ,Germany
654,shipping,789 Pine St,202 Birch St,New York,CA,Canada
708,billing,789 Pine St,101 Maple St,Phoenix,NY,Australia
708,shipping,202 Birch St,123 Elm St,Chicago,TX,Canada
838,billing,456 Oak St,789 Pine St,New York,IL,Germany
838,shipping,789 Pine St,123 Elm St,Phoenix,CA,Australia
198,billing,789 Pine St,101 Maple St,Houston,TX,UK
198,shipping,101 Maple St,202 Birch St,Chicago,AZ,Germany
339,billing,101 Maple St,123 Elm St,Phoenix,CA,Australia
339,shipping,202 Birch St,456 Oak St,Los Angeles,IL,USA
457,billing,456 Oak St,101 Maple St,Chicago,NY,Germany
457,shipping,202 Birch St,456 Oak St,Los Angeles,CA,Australia
779,billing,,101 Maple St,Chicago,AZ,Germany
779,shipping,456 Oak St,456 Oak St,Phoenix,CA,UK
531,billing,,,,IL,
531,shipping,,101 Maple St,New York,,USA
,billing,456 Oak St,789 Pine St,Chicago,,Australia
,shipping,456 Oak St,456 Oak St,Houston,NY,
413,billing,123 Elm St,,Phoenix,AZ,
413,shipping,,202 Birch St,Chicago,NY,USA
,billing,,,,IL,USA
,shipping,789 Pine St,202 Birch St,Chicago,IL,USA
,billing,202 Birch St,101 Maple St,,IL,USA
,shipping,,,Houston,,
237,billing,202 Birch St,101 Maple St,Los Angeles,CA,USA
237,shipping,789 Pine St,,New York,AZ,
877,billing,,202 Birch St,Los Angeles,,UK
877,shipping,,123 Elm St,New York,,Germany
860,billing,,101 Maple St,Chicago,AZ,Germany
860,shipping,202 Birch St,202 Birch St,,AZ,
463,billing,202 Birch St,,,IL,
463,shipping,,789 Pine St,,IL,UK
269,billing,,789 Pine St,,,UK
269,shipping,789 Pine St,202 Birch St,,,
529,billing,456 Oak St,123 Elm St,,IL,Australia
529,shipping,456 Oak St,,,,
727,billing,123 Elm St,123 Elm St,Phoenix,NY,UK
727,shipping,789 Pine St,202 Birch St,Chicago,,Australia
891,billing,,123 Elm St,Phoenix,IL,Germany
891,shipping,123 Elm St,,,,
546,billing,789 Pine St,789 Pine St,,TX,
546,shipping,123 Elm St,123 Elm St,Houston,IL,
107,billing,202 Birch St,,Phoenix,NY,
107,shipping,,789 Pine St,,CA,UK
452,billing,202 Birch St,202 Birch St,New York,,Canada
452,shipping,202 Birch St,123 Elm St,Los Angeles,IL,USA
678,billing,,789 Pine St,Phoenix,,Canada
678,shipping,789 Pine St,,New York,IL,Canada
358,billing,789 Pine St,789 Pine St,Chicago,AZ,Germany
358,shipping,,456 Oak St,Phoenix,IL,Germany
251,billing,,101 Maple St,,AZ,Germany
251,shipping,123 Elm St,101 Maple St,,TX,Australia
125,billing,789 Pine St,789 Pine St,New York,CA,USA
125,shipping,456 Oak St,123 Elm St,Los Angeles,AZ,Canada
955,billing,202 Birch St,789 Pine St,Los Angeles,AZ,USA
955,shipping,123 Elm St,101 Maple St,Los Angeles,AZ,USA
151,billing,123 Elm St,789 Pine St,Phoenix,TX,Germany
151,shipping,101 Maple St,101 Maple St,Chicago,TX,Canada
701,billing,101 Maple St,202 Birch St,Houston,CA,Australia
701,shipping,202 Birch St,456 Oak St,Phoenix,CA,Australia
659,billing,456 Oak St,123 Elm St,New York,CA,Germany
659,shipping,202 Birch St,789 Pine St,Los Angeles,TX,Canada
321,billing,123 Elm St,202 Birch St,Houston,AZ,Germany
321,shipping,789 Pine St,789 Pine St,Phoenix,AZ,Australia
882,billing,202 Birch St,123 Elm St,New York,IL,USA
882,shipping,123 Elm St,202 Birch St,Los Angeles,NY,USA
907,billing,123 Elm St,202 Birch St,Houston,IL,Germany
907,shipping,456 Oak St,789 Pine St,New York,IL,UK
216,billing,202 Birch St,456 Oak St,Los Angeles,IL,Australia
216,shipping,101 Maple St,789 Pine St,Phoenix,NY,USA
809,billing,789 Pine St,202 Birch St,Houston,IL,Germany
809,shipping,101 Maple St,101 Maple St,Houston,AZ,Australia
943,billing,123 Elm St,456 Oak St,Houston,CA,USA
943,shipping,123 Elm St,789 Pine St,Phoenix,NY,UK
840,billing,456 Oak St,101 Maple St,New York,TX,Australia
840,shipping,123 Elm St,789 Pine St,New York,TX,Canada
697,billing,789 Pine St,456 Oak St,Phoenix,TX,Australia
697,shipping,456 Oak St,101 Maple St,Houston,IL,Germany
467,billing,101 Maple St,101 Maple St,Phoenix,CA,Canada
467,shipping,789 Pine St,456 Oak St,Los Angeles,NY,UK
933,billing,789 Pine St,202 Birch St,New York,CA,UK
933,shipping,456 Oak St,123 Elm St,Los Angeles,NY,UK
529,billing,202 Birch St,101 Maple St,Los Angeles,AZ,UK
529,shipping,123 Elm St,789 Pine St,Phoenix,CA,Australia
565,billing,456 Oak St,123 Elm St,Chicago,NY,UK
565,shipping,789 Pine St,456 Oak St,Phoenix,NY,Australia
959,billing,101 Maple St,101 Maple St,New York,NY,UK
959,shipping,123 Elm St,456 Oak St,Los Angeles,CA,UK
463,billing,101 Maple St,202 Birch St,Houston,IL,USA
463,shipping,789 Pine St,202 Birch St,Houston,AZ,Canada
123,billing,202 Birch St,789 Pine St,Houston,AZ,UK
123,shipping,202 Birch St,789 Pine St,Chicago,CA,USA
717,billing,101 Maple St,456 Oak St,Chicago,IL,Germany
717,shipping,456 Oak St,456 Oak St,New York,IL,USA
173,billing,101 Maple St,123 Elm St,Chicago,AZ,USA
173,shipping,101 Maple St,101 Maple St,Houston,IL,Germany
172,billing,456 Oak St,101 Maple St,Chicago,TX,Canada
172,shipping,202 Birch St,123 Elm St,Chicago,CA,Australia
385,billing,456 Oak St,123 Elm St,Phoenix,TX,Germany
385,shipping,123 Elm St,789 Pine St,Chicago,CA,USA
269,billing,101 Maple St,101 Maple St,Phoenix,AZ,Germany
269,shipping,101 Maple St,202 Birch St,Houston,CA,Australia
913,billing,123 Elm St,123 Elm St,Houston,NY,Australia
913,shipping,456 Oak St,123 Elm St,Phoenix,AZ,Canada
743,billing,123 Elm St,456 Oak St,Houston,TX,USA
743,shipping,202 Birch St,456 Oak St,Houston,TX,USA
824,billing,202 Birch St,456 Oak St,Chicago,TX,Australia
824,shipping,123 Elm St,789 Pine St,Los Angeles,TX,Germany
656,billing,101 Maple St,101 Maple St,Phoenix,CA,Australia
656,shipping,202 Birch St,101 Maple St,Phoenix,TX,Australia
711,billing,101 Maple St,456 Oak St,Chicago,AZ,Canada
711,shipping,202 Birch St,789 Pine St,Phoenix,AZ,Canada
183,billing,202 Birch St,202 Birch St,Phoenix,,
183,shipping,,,Houston,,
962,billing,456 Oak St,202 Birch St,Chicago,NY,UK
962,shipping,456 Oak St,202 Birch St,New York,,USA
760,billing,101 Maple St,101 Maple St,Houston,TX,UK
760,shipping,456 Oak St,,Chicago,TX,Germany
975,billing,101 Maple St,789 Pine St,Houston,TX,Australia
975,shipping,202 Birch St,202 Birch St,New York,TX,Canada
309,billing,202 Birch St,456 Oak St,Chicago,CA,Australia
309,shipping,789 Pine St,789 Pine St,Chicago,AZ,
738,billing,789 Pine St,456 Oak St,Phoenix,NY,
738,shipping,123 Elm St,456 Oak St,Chicago,AZ,
179,billing,101 Maple St,101 Maple St,Houston,NY,
179,shipping,202 Birch St,,Phoenix,TX,USA
529,billing,101 Maple St,101 Maple St,Houston,IL,USA
529,shipping,789 Pine St,,Phoenix,IL,Canada
188,billing,456 Oak St,101 Maple St,Chicago,TX,USA
188,shipping,,202 Birch St,,,USA
787,billing,101 Maple St,123 Elm St,Houston,IL,Canada
787,shipping,202 Birch St,789 Pine St,Los Angeles,,Germany
211,billing,456 Oak St,101 Maple St,New York,AZ,
211,shipping,,789 Pine St,Phoenix,IL,USA
381,billing,,202 Birch St,New York,NY,
381,shipping,101 Maple St,202 Birch St,Chicago,CA,USA
558,billing,123 Elm St,,Phoenix,AZ,Australia
558,shipping,456 Oak St,789 Pine St,Phoenix,IL,USA
990,billing,202 Birch St,101 Maple St,,CA,Canada
990,shipping,202 Birch St,789 Pine St,Houston,NY,Australia
895,billing,,123 Elm St,,IL,
895,shipping,789 Pine St,123 Elm St,Houston,NY,Germany
142,billing,789 Pine St,101 Maple St,Los Angeles,TX,Canada
142,shipping,123 Elm St,789 Pine St,New York,AZ,Canada
,billing,,,,NY,Canada
,shipping,202 Birch St,456 Oak St,Los Angeles,,Germany
523,billing,,202 Birch St,Chicago,NY,
523,shipping,,,,CA,Canada
370,billing,,456 Oak St,,IL,Australia
370,shipping,101 Maple St,123 Elm St,,TX,Germany
,billing,,101 Maple St,,AZ,Canada
,shipping,123 Elm St,,,TX,
877,billing,123 Elm St,101 Maple St,Chicago,NY,Canada
877,shipping,101 Maple St,456 Oak St,Chicago,IL,Germany
229,billing,123 Elm St,456 Oak St,Chicago,IL,Australia
229,shipping,123 Elm St,456 Oak St,Chicago,CA,USA
891,billing,456 Oak St,456 Oak St,New York,IL,Germany
891,shipping,123 Elm St,123 Elm St,Chicago,AZ,Canada
150,billing,123 Elm St,789 Pine St,Houston,TX,USA
150,shipping,456 Oak St,123 Elm St,Phoenix,IL,Canada
609,billing,123 Elm St,123 Elm St,Phoenix,NY,Australia
609,shipping,202 Birch St,202 Birch St,New York,CA,Canada
945,billing,789 Pine St,789 Pine St,Houston,CA,UK
945,shipping,202 Birch St,202 Birch St,New York,IL,UK
336,billing,789 Pine St,101 Maple St,Phoenix,AZ,Germany
336,shipping,456 Oak St,101 Maple St,Los Angeles,AZ,Germany
355,billing,202 Birch St,456 Oak St,New York,NY,USA
355,shipping,789 Pine St,123 Elm St,Chicago,TX,Canada
317,billing,202 Birch St,456 Oak St,Phoenix,NY,UK
317,shipping,789 Pine St,456 Oak St,Phoenix,IL,Australia
690,billing,123 Elm St,456 Oak St,New York,IL,UK
690,shipping,789 Pine St,202 Birch St,New York,CA,Canada
841,billing,123 Elm St,789 Pine St,Los Angeles,NY,UK
841,shipping,123 Elm St,456 Oak St,Phoenix,NY,USA
519,billing,123 Elm St,101 Maple St,Chicago,CA,Canada
519,shipping,456 Oak St,101 Maple St,New York,AZ,Canada
342,billing,202 Birch St,456 Oak St,Phoenix,IL,Australia
342,shipping,123 Elm St,202 Birch St,Los Angeles,IL,Canada
609,billing,123 Elm St,456 Oak St,Chicago,TX,Germany
609,shipping,101 Maple St,123 Elm St,New York,CA,USA
241,billing,101 Maple St,101 Maple St,New York,TX,Australia
241,shipping,101 Maple St,123 Elm St,New York,AZ,Canada
476,billing,789 Pine St,202 Birch St,Chicago,CA,USA
476,shipping,202 Birch St,789 Pine St,New York,CA,Germany
644,billing,202 Birch St,123 Elm St,Los Angeles,AZ,Canada
644,shipping,101 Maple St,456 Oak St,Los Angeles,CA,Canada
808,billing,789 Pine St,456 Oak St,Phoenix,TX,Germany
808,shipping,789 Pine St,202 Birch St,Phoenix,CA,Canada
582,billing,202 Birch St,101 Maple St,Los Angeles,TX,Germany
582,shipping,456 Oak St,202 Birch St,Phoenix,CA,Australia
244,billing,789 Pine St,456 Oak St,Chicago,AZ,Australia
244,shipping,202 Birch St,456 Oak St,Phoenix,CA,Canada
333,billing,456 Oak St,202 Birch St,Phoenix,IL,Canada
333,shipping,123 Elm St,789 Pine St,New York,TX,Australia
399,billing,123 Elm St,202 Birch St,New York,TX,UK
399,shipping,123 Elm St,456 Oak St,Chicago,IL,Canada
110,billing,202 Birch St,101 Maple St,Chicago,CA,Australia
110,shipping,123 Elm St,456 Oak St,Phoenix,AZ,Germany
223,billing,456 Oak St,202 Birch St,New York,NY,Germany
223,shipping,789 Pine St,123 Elm St,Chicago,IL,Australia
498,billing,101 Maple St,202 Birch St,Phoenix,AZ,Canada
498,shipping,789 Pine St,123 Elm St,Houston,AZ,Canada
747,billing,202 Birch St,101 Maple St,Los Angeles,IL,Canada
747,shipping,202 Birch St,123 Elm St,Houston,NY,Germany
488,billing,101 Maple St,202 Birch St,Houston,CA,USA
488,shipping,789 Pine St,101 Maple St,Phoenix,AZ,UK
770,billing,101 Maple St,789 Pine St,Los Angeles,NY,Germany
770,shipping,101 Maple St,123 Elm St,Chicago,AZ,Canada
958,billing,789 Pine St,789 Pine St,Los Angeles,IL,Canada
958,shipping,202 Birch St,101 Maple St,Los Angeles,CA,Germany
130,billing,456 Oak St,789 Pine St,New York,IL,UK
130,shipping,123 Elm St,456 Oak St,New York,NY,Australia
136,billing,101 Maple St,202 Birch St,Phoenix,AZ,Canada
136,shipping,123 Elm St,,Phoenix,NY,
,billing,,456 Oak St,Houston,TX,UK
,shipping,101 Maple St,,Los Angeles,AZ,USA
244,billing,456 Oak St,101 Maple St,Houston,NY,USA
244,shipping,123 Elm St,,Houston,TX,Germany
470,billing,101 Maple St,456 Oak St,,IL,
470,shipping,202 Birch St,,,CA,Australia
725,billing,123 Elm St,789 Pine St,,TX,Australia
725,shipping,101 Maple St,202 Birch St,New York,,Canada
496,billing,101 Maple St,202 Birch St,New York,AZ,Australia
496,shipping,789 Pine St,789 Pine St,Los Angeles,AZ,USA
521,billing,456 Oak St,202 Birch St,Los Angeles,NY,USA
521,shipping,456 Oak St,,,AZ,Germany
743,billing,789 Pine St,456 Oak St,,,UK
743,shipping,123 Elm St,,Phoenix,,Australia
763,billing,123 Elm St,789 Pine St,New York,,Canada
763,shipping,456 Oak St,,,CA,
270,billing,,456 Oak St,,,
270,shipping,,101 Maple St,,TX,Canada
129,billing,123 Elm St,456 Oak St,Houston,CA,Canada
129,shipping,101 Maple St,789 Pine St,,CA,USA
884,billing,123 Elm St,,,AZ,USA
884,shipping,202 Birch St,,Houston,TX,
623,billing,,,Los Angeles,TX,USA
623,shipping,202 Birch St,,,CA,
412,billing,202 Birch St,789 Pine St,,CA,UK
412,shipping,,101 Maple St,,TX,
687,billing,789 Pine St,789 Pine St,,TX,USA
687,shipping,456 Oak St,789 Pine St,Los Angeles,,
,billing,123 Elm St,123 Elm St,,TX,Germany
,shipping,,123 Elm St,Houston,,
,billing,,101 Maple St,,AZ,Canada
,shipping,,456 Oak St,,IL,Australia
,billing,202 Birch St,,,NY,Canada
,shipping,,101 Maple St,Los Angeles,,Germany
251,billing,,,Chicago,IL,Canada
251,shipping,,456 Oak St,Phoenix,NY,Australia
,billing,,202 Birch St,New York,IL,Canada
,shipping,101 Maple St,202 Birch St,,IL,
402,billing,202 Birch St,789 Pine St,Los Angeles,NY,Australia
402,shipping,101 Maple St,123 Elm St,Los Angeles,IL,Canada
362,billing,123 Elm St,789 Pine St,Phoenix,CA,USA
362,shipping,456 Oak St,456 Oak St,Chicago,IL,Canada
382,billing,789 Pine St,456 Oak St,Los Angeles,AZ,Canada
382,shipping,123 Elm St,202 Birch St,Los Angeles,IL,Canada
952,billing,101 Maple St,202 Birch St,New York,NY,Canada
952,shipping,101 Maple St,123 Elm St,Phoenix,TX,Canada
772,billing,101 Maple St,789 Pine St,Phoenix,AZ,UK
772,shipping,456 Oak St,202 Birch St,New York,NY,Germany
994,billing,123 Elm St,123 Elm St,Chicago,CA,Australia
994,shipping,101 Maple St,123 Elm St,Chicago,AZ,Australia
656,billing,789 Pine St,789 Pine St,Los Angeles,AZ,Germany
656,shipping,456 Oak St,123 Elm St,Houston,TX,UK
387,billing,101 Maple St,456 Oak St,New York,IL,USA
387,shipping,789 Pine St,202 Birch St,Phoenix,CA,Canada
404,billing,123 Elm St,789 Pine St,Houston,AZ,Australia
404,shipping,101 Maple St,789 Pine St,Phoenix,TX,Australia
996,billing,456 Oak St,789 Pine St,Los Angeles,NY,USA
996,shipping,101 Maple St,789 Pine St,New York,TX,Australia
405,billing,101 Maple St,789 Pine St,Los Angeles,CA,Germany
405,shipping,789 Pine St,101 Maple St,Chicago,TX,Canada
533,billing,101 Maple St,202 Birch St,New York,NY,Australia
533,shipping,101 Maple St,202 Birch St,Houston,TX,USA
953,billing,101 Maple St,202 Birch St,New York,IL,UK
953,shipping,789 Pine St,456 Oak St,New York,NY,Australia
592,billing,456 Oak St,202 Birch St,Phoenix,CA,USA
592,shipping,789 Pine St,123 Elm St,Los Angeles,AZ,Germany
154,billing,123 Elm St,101 Maple St,New York,NY,USA
154,shipping,456 Oak St,456 Oak St,Chicago,CA,UK
199,billing,123 Elm St,123 Elm St,Houston,CA,Canada
199,shipping,789 Pine St,101 Maple St,Chicago,TX,Canada
447,billing,456 Oak St,202 Birch St,Houston,AZ,UK
447,shipping,456 Oak St,123 Elm St,Houston,TX,UK
754,billing,456 Oak St,101 Maple St,Chicago,NY,Australia
754,shipping,101 Maple St,202 Birch St,Chicago,IL,UK
963,billing,789 Pine St,202 Birch St,Chicago,IL,Germany
963,shipping,123 Elm St,456 Oak St,Chicago,CA,Australia
964,billing,202 Birch St,123 Elm St,Houston,NY,Germany
964,shipping,123 Elm St,456 Oak St,New York,IL,Australia
269,billing,123 Elm St,101 Maple St,New York,CA,Germany
269,shipping,456 Oak St,123 Elm St,Phoenix,TX,UK
112,billing,101 Maple St,123 Elm St,Phoenix,TX,UK
112,shipping,123 Elm St,789 Pine St,New York,IL,Australia
487,billing,202 Birch St,101 Maple St,Houston,IL,Canada
487,shipping,456 Oak St,789 Pine St,Los Angeles,CA,UK
356,billing,456 Oak St,789 Pine St,Chicago,IL,UK
356,shipping,101 Maple St,202 Birch St,Los Angeles,IL,Germany
372,billing,789 Pine St,101 Maple St,Houston,TX,USA
372,shipping,123 Elm St,202 Birch St,Chicago,IL,USA
987,billing,202 Birch St,456 Oak St,New York,NY,Canada
987,shipping,789 Pine St,456 Oak St,Los Angeles,TX,Germany
286,billing,123 Elm St,202 Birch St,New York,AZ,Canada
286,shipping,789 Pine St,456 Oak St,Phoenix,IL,Germany
324,billing,789 Pine St,789 Pine St,Phoenix,NY,USA
324,shipping,202 Birch St,123 Elm St,New York,TX,Germany
553,billing,101 Maple St,789 Pine St,New York,CA,UK
553,shipping,202 Birch St,202 Birch St,Houston,CA,USA
239,billing,101 Maple St,789 Pine St,Phoenix,TX,Germany
239,shipping,789 Pine St,101 Maple St,New York,CA,Canada
,billing,101 Maple St,,New York,IL,Australia
,shipping,202 Birch St,,Chicago,IL,Canada
576,billing,456 Oak St,,,,Australia
576,shipping,123 Elm St,456 Oak St,Los Angeles,CA,UK
,billing,123 Elm St,101 Maple St,Phoenix,,UK
,shipping,202 Birch St,101 Maple St,Phoenix,NY,Canada
985,billing,,,,CA,UK
985,shipping,,202 Birch St,Chicago,IL,Germany
341,billing,,123 Elm St,,TX,USA
341,shipping,202 Birch St,202 Birch St,,NY,USA
,billing,456 Oak St,202 Birch St,Chicago,TX,Canada
,shipping,202 Birch St,202 Birch St,,AZ,UK
564,billing,,456 Oak St,,,
564,shipping,789 Pine St,202 Birch St,Chicago,,Canada
363,billing,456 Oak St,789 Pine St,New York,IL,Germany
363,shipping,202 Birch St,123 Elm St,Houston,TX,
875,billing,789 Pine St,,New York,TX,
875,shipping,456 Oak St,789 Pine St,,,USA
,billing,,123 Elm St,Phoenix,,USA
,shipping,202 Birch St,456 Oak St,New York,IL,
670,billing,202 Birch St,789 Pine St,New York,NY,Australia
670,shipping,,101 Maple St,Los Angeles,AZ,Germany
,billing,789 Pine St,101 Maple St,Houston,IL,Canada
,shipping,123 Elm St,202 Birch St,Phoenix,TX,
,billing,456 Oak St,123 Elm St,Chicago,,Canada
,shipping,202 Birch St,,New York,IL,Australia
359,billing,456 Oak St,202 Birch St,Houston,,Australia
359,shipping,202 Birch St,789 Pine St,Houston,AZ,Australia
725,billing,,456 Oak St,,,Australia
725,shipping,,101 Maple St,,IL,Canada
432,billing,202 Birch St,789 Pine St,Los Angeles,NY,UK
432,shipping,101 Maple St,456 Oak St,Houston,NY,UK
241,billing,,123 Elm St,Phoenix,AZ,USA
241,shipping,789 Pine St,101 Maple St,Phoenix,IL,Germany
907,billing,,123 Elm St,,TX,Australia
907,shipping,101 Maple St,456 Oak St,,CA,
820,billing,789 Pine St,456 Oak St,Phoenix,,Canada
820,shipping,202 Birch St,,Houston,CA,Germany
,billing,,789 Pine St,,NY,
,shipping,789 Pine St,456 Oak St,New York,TX,Canada
125,billing,202 Birch St,123 Elm St,Chicago,NY,Canada
125,shipping,101 Maple St,123 Elm St,Los Angeles,NY,Australia
835,billing,456 Oak St,456 Oak St,New York,TX,USA
835,shipping,101 Maple St,456 Oak St,Houston,CA,Germany
711,billing,123 Elm St,202 Birch St,Chicago,IL,UK
711,shipping,101 Maple St,789 Pine St,Houston,NY,Australia
770,billing,123 Elm St,456 Oak St,New York,CA,Australia
770,shipping,789 Pine St,202 Birch St,New York,IL,UK
797,billing,789 Pine St,101 Maple St,Los Angeles,IL,UK
797,shipping,789 Pine St,456 Oak St,Chicago,AZ,Canada
234,billing,202 Birch St,789 Pine St,Phoenix,TX,UK
234,shipping,123 Elm St,456 Oak St,Los Angeles,AZ,Australia
343,billing,101 Maple St,202 Birch St,Phoenix,TX,Canada
343,shipping,789 Pine St,789 Pine St,New York,CA,UK
514,billing,202 Birch St,123 Elm St,New York,NY,USA
514,shipping,456 Oak St,101 Maple St,Chicago,CA,USA
157,billing,456 Oak St,123 Elm St,New York,CA,Australia
157,shipping,101 Maple St,123 Elm St,Chicago,TX,USA
157,billing,101 Maple St,123 Elm St,New York,CA,Australia
157,shipping,456 Oak St,202 Birch St,Chicago,CA,USA
518,billing,202 Birch St,789 Pine St,Los Angeles,NY,Australia
518,shipping,123 Elm St,101 Maple St,Phoenix,TX,UK
112,billing,101 Maple St,456 Oak St,Phoenix,IL,UK
112,shipping,789 Pine St,101 Maple St,Houston,AZ,Germany
592,billing,101 Maple St,123 Elm St,New York,NY,Australia
592,shipping,123 Elm St,202 Birch St,Phoenix,CA,USA
754,billing,123 Elm St,456 Oak St,Phoenix,TX,USA
754,shipping,202 Birch St,202 Birch St,Phoenix,TX,Canada
996,billing,101 Maple St,101 Maple St,Chicago,AZ,Australia
996,shipping,456 Oak St,202 Birch St,Houston,TX,Canada
369,billing,789 Pine St,123 Elm St,Chicago,IL,Germany
369,shipping,101 Maple St,202 Birch St,Los Angeles,IL,USA
424,billing,202 Birch St,123 Elm St,Phoenix,AZ,UK
424,shipping,101 Maple St,789 Pine St,Houston,AZ,USA
296,billing,202 Birch St,456 Oak St,New York,TX,Germany
296,shipping,456 Oak St,789 Pine St,Los Angeles,NY,Australia
526,billing,123 Elm St,101 Maple St,New York,AZ,Germany
526,shipping,456 Oak St,101 Maple St,Los Angeles,CA,USA
860,billing,101 Maple St,202 Birch St,New York,TX,Australia
860,shipping,101 Maple St,123 Elm St,Los Angeles,CA,Australia
636,billing,123 Elm St,202 Birch St,Los Angeles,NY,Australia
636,shipping,123 Elm St,123 Elm St,Los Angeles,AZ,USA
299,billing,123 Elm St,202 Birch St,Houston,IL,Canada
299,shipping,456 Oak St,202 Birch St,New York,AZ,UK
241,billing,123 Elm St,123 Elm St,Phoenix,TX,Australia
241,shipping,789 Pine St,456 Oak St,Chicago,IL,Australia
191,billing,456 Oak St,101 Maple St,Houston,TX,UK
191,shipping,202 Birch St,101 Maple St,Houston,AZ,Australia
408,billing,101 Maple St,202 Birch St,Los Angeles,TX,Australia
408,shipping,456 Oak St,123 Elm St,New York,IL,Australia
350,billing,202 Birch St,101 Maple St,Houston,AZ,USA
350,shipping,456 Oak St,456 Oak St,Los Angeles,TX,UK
943,billing,123 Elm St,123 Elm St,Los Angeles,CA,UK
943,shipping,789 Pine St,456 Oak St,Phoenix,AZ,Australia
910,billing,123 Elm St,202 Birch St,Houston,AZ,UK
910,shipping,789 Pine St,202 Birch St,Los Angeles,NY,UK
613,billing,456 Oak St,123 Elm St,New York,NY,USA
613,shipping,202 Birch St,202 Birch St,Houston,AZ,UK
617,billing,789 Pine St,202 Birch St,Chicago,IL,Germany
617,shipping,456 Oak St,789 Pine St,Houston,IL,Australia
